"MPO-LC Roundness Fanout Fiber Patch Cord","Data Center Cabling","MPO Series","features|area of application|specifications|ordering information",http://www.optico.com.cn/opticoimgs/p10016.jpg
"MPO-SC Ribbon fanout Fiber Patch Cord","Data Center Cabling","MPO Series","features|area of application|specifications|ordering information",http://www.optico.com.cn/opticoimgs/p10017.jpg
"MPO Module fanout Fiber Patch Cord","Data Center Cabling","MPO Series","features|area of application|specifications|ordering information",http://www.optico.com.cn/opticoimgs/p10018.jpg
"MPO mini Fanout Fiber Patch Cord","Data Center Cabling","MPO Series","features|area of application|specifications|ordering information",http://www.optico.com.cn/opticoimgs/p10012.jpg
"MPO-MT Fiber Patch Cord","Data Center Cabling","MPO Series","features|area of application|specifications|ordering information",http://www.optico.com.cn/opticoimgs/p10011.jpg
"MPO/PC/APC Fiber Optical Patch cord","Data Center Cabling","MPO Series","features|area of application|specifications|ordering information",http://www.optico.com.cn/opticoimgs/p10013.jpg
"MPO 12/24/48/72Cores","Data Center Cabling","MPO Series","features|area of application|specifications|ordering information",http://www.optico.com.cn/opticoimgs/p10014.jpg
"MPO OM3 Fiber Patch Cord","Data Center Cabling","MPO Series","features|area of application|specifications|ordering information",http://www.optico.com.cn/opticoimgs/p10015.jpg
"MTP OM4 Fiber Patch Cord","Data Center Cabling","MTP Series","features|performance index|ordering information",http://www.optico.com.cn/opticoimgs/p10022.jpg
"MTP loopback patch cord","Data Center Cabling","MTP Series","features|area of applications|performance index|ordering information",http://www.optico.com.cn/opticoimgs/p10023.jpg
"MTP OM3/OM4 Ribbon Bare Fiber Patch Cord","Data Center Cabling","MTP Series","features|area of applications|performance index|ordering information",http://www.optico.com.cn/opticoimgs/p10024.jpg
"MTP LOW Ribbon Fiber Patch Cord","Data Center Cabling","MTP Series","features|area of applications|performance index|ordering information",http://www.optico.com.cn/opticoimgs/p10025.jpg
"MTP OM4 Fanout Patchcord","Data Center Cabling","MTP Series","features|performance index|ordering information",http://www.optico.com.cn/opticoimgs/p10026.jpg
"MT-FA fiber jumper","Data Center Cabling","MTP Series","features and applications of mt-fa fiber jumper:",http://www.optico.com.cn/opticoimgs/p10122.jpg
"MTP Module","Data Center Cabling","MTP Series",features|applications|specifications,http://www.optico.com.cn/opticoimgs/p10173.png
"MTP 72Cores Ribbon Bare Fiber","Data Center Cabling","MTP Series","features|specifications|ordering information",http://www.optico.com.cn/opticoimgs/p10019.jpg
"MTP SM 72Cores Fanout Patchcord","Data Center Cabling","MTP Series","features|performance index|ordering information",http://www.optico.com.cn/opticoimgs/p10021.jpg
"MTP-MTP Patchcord","Data Center Cabling","MTP Series","feature|performance index|ordering information",http://www.optico.com.cn/opticoimgs/p10020.jpg
"SC-FC Fiber Optical Patch Cord","Data Center Cabling","Fiber Patch cord","features|specifications|ordering information",http://www.optico.com.cn/opticoimgs/p10027.jpg
"FC-ST Fiber Optical Patch cord","Data Center Cabling","Fiber Patch cord","features|specifications|ordering information",http://www.optico.com.cn/opticoimgs/p10028.jpg
"LC-SC Fiber Optical Patch Cord","Data Center Cabling","Fiber Patch cord","features|specifications|ordering information",http://www.optico.com.cn/opticoimgs/p10030.jpg
"ST-SC Fiber Optical Patch Cord","Data Center Cabling","Fiber Patch cord","features|specifications|ordering information",http://www.optico.com.cn/opticoimgs/p10031.jpg
"MTRJ-FC Fiber Optical Patch cord","Data Center Cabling","Fiber Patch cord","features|specifications|ordering information",http://www.optico.com.cn/opticoimgs/p10032.jpg
"waterproof patch cord","Data Center Cabling","Fiber Patch cord","waterproof fiber optic patch cord quick informatio",http://www.optico.com.cn/opticoimgs/p10121.jpg
"SC/LC/ST pigtail","Data Center Cabling","Fiber Patch cord",application|features,http://www.optico.com.cn/opticoimgs/p10064.jpg
"Waterproof Pigtail","Data Center Cabling","Fiber Patch cord",features|specifications,http://www.optico.com.cn/opticoimgs/p10033.jpg
"SC Fiber Optic Attenuator","Data Center Cabling","Fiber Attenuators",specifications,http://www.optico.com.cn/opticoimgs/p10066.jpg
"FC Fiber Optic Attenuator","Data Center Cabling","Fiber Attenuators",specifications|,http://www.optico.com.cn/opticoimgs/p10067.jpg
"ST Fiber Optic Attenuator","Data Center Cabling","Fiber Attenuators",specifications,http://www.optico.com.cn/opticoimgs/p10068.jpg
"LC Fiber Optic Attenuator","Data Center Cabling","Fiber Attenuators",specifications,http://www.optico.com.cn/opticoimgs/p10069.jpg
"1U 19"" 24port Rack Mount Fiber Optic Patch Panel","Data Center Cabling","Fiber Optic Patch Panel",features|applications,http://www.optico.com.cn/opticoimgs/p10170.png
"1U 19"" 96F Rack Mount High Density Fiber Optic Pat","Data Center Cabling","Fiber Optic Patch Panel",features|specifications,http://www.optico.com.cn/opticoimgs/p10172.png
"SC Series","Data Center Cabling","Fiber Adaptor",features|specifications|packaging,http://www.optico.com.cn/opticoimgs/p10071.jpg
"FC Series","Data Center Cabling","Fiber Adaptor",features|specifications|packaging,http://www.optico.com.cn/opticoimgs/p10072.jpg
"ST Series","Data Center Cabling","Fiber Adaptor",features|specifications|packaging,http://www.optico.com.cn/opticoimgs/p10073.jpg
"LC Series","Data Center Cabling","Fiber Adaptor",features|specifications|packaging,http://www.optico.com.cn/opticoimgs/p10074.jpg
"SC To LC Fiber Optic Adaptor","Data Center Cabling","Fiber Adaptor",,http://www.optico.com.cn/opticoimgs/p10075_1.jpg
"SC Male to LC Fiber Optic Adaptor","Data Center Cabling","Fiber Adaptor",,http://www.optico.com.cn/opticoimgs/p10076.jpg
"SC/UPC Fast Assembly Optical Connector","Data Center Cabling","Fast Connectors",descriptions|specifications,http://www.optico.com.cn/opticoimgs/p10077.png
"SC/APC Fast Connectors","Data Center Cabling","Fast Connectors",descriptions|specifications,http://www.optico.com.cn/opticoimgs/p10080.png
"PLC Splitter Device","Passive Components","PLC Splitters","features|application|performance index",http://www.optico.com.cn/opticoimgs/p10034.jpg
"PLC Splitter Mini Module","Passive Components","PLC Splitters","features|application|performance index",http://www.optico.com.cn/opticoimgs/p10035.jpg
"1x32 & 2x32 Mini Module","Passive Components","PLC Splitters","features|application|performance index",http://www.optico.com.cn/opticoimgs/p10036.jpg
"PLC Splitter Module","Passive Components","PLC Splitters","features|application|performance index",http://www.optico.com.cn/opticoimgs/p10037.jpg
